{"cameraMode":{"drawMode":0,"name":"Shaded","section":"Shading Mode"},"sceneLighting":true,"audioPlay":false,"sceneViewState":{"m_AlwaysRefresh":false,"showFog":true,"showSkybox":true,"showFlares":true,"showImageEffects":true,"showParticleSystems":true,"showVisualEffectGraphs":true,"m_FxEnabled":true},"in2DMode":false,"pivot":{"x":-1.1517605781555176,"y":-0.10924802720546723,"z":2.458202362060547},"rotation":{"x":0.08708902448415756,"y":-0.18861006200313569,"z":0.016795849427580835,"w":0.9780480861663818},"size":0.9139464497566223,"orthographic":false}